date,ligne,four,minutes_arret
2025-01-01,L11,Four 1,12.0
2025-01-01,L12,Four 1,15.0
2025-01-01,L13,Four 1,2.0
2025-01-02,L11,Four 1,13.0
2025-01-02,L12,Four 1,6.0
2025-01-02,L13,Four 1,3.0
2025-01-03,L11,Four 1,8.0
2025-01-03,L12,Four 1,93.0
2025-01-03,L13,Four 1,7.0
2025-01-04,L11,Four 1,33.0
2025-01-04,L12,Four 1,13.0
2025-01-04,L13,Four 1,13.0
2025-01-05,L11,Four 1,8.0
2025-01-05,L12,Four 1,0.0
2025-01-05,L13,Four 1,18.0
2025-01-06,L11,Four 1,26.0
2025-01-06,L12,Four 1,13.0
2025-01-06,L13,Four 1,17.0
2025-01-07,L11,Four 1,24.0
2025-01-07,L12,Four 1,10.0
2025-01-07,L13,Four 1,13.0
2025-01-08,L11,Four 1,32.0
2025-01-08,L12,Four 1,13.0
2025-01-08,L13,Four 1,14.0
2025-01-09,L11,Four 1,14.0
2025-01-09,L12,Four 1,0.0
2025-01-09,L13,Four 1,14.0
2025-01-09,L21,Four 2,36.0
2025-01-09,L22,Four 2,10.0
2025-01-09,L23,Four 2,0.0
2025-01-10,L11,Four 1,12.0
2025-01-10,L12,Four 1,3.0
2025-01-10,L13,Four 1,45.0
2025-01-10,L21,Four 2,22.0
2025-01-10,L22,Four 2,25.0
2025-01-10,L23,Four 2,8.0
2025-01-11,L11,Four 1,9.0
2025-01-11,L12,Four 1,45.0
2025-01-11,L13,Four 1,35.0
2025-01-11,L21,Four 2,114.0
2025-01-11,L22,Four 2,294.0
2025-01-11,L23,Four 2,0.0
2025-01-12,L11,Four 1,4.0
2025-01-12,L12,Four 1,30.0
2025-01-12,L13,Four 1,35.0
2025-01-12,L21,Four 2,12.0
2025-01-12,L22,Four 2,13.0
2025-01-12,L23,Four 2,0.0
2025-01-13,L11,Four 1,9.0
2025-01-13,L12,Four 1,8.0
2025-01-13,L13,Four 1,0.0
2025-01-13,L21,Four 2,60.0
2025-01-13,L22,Four 2,36.0
2025-01-13,L23,Four 2,3.0
2025-01-14,L11,Four 1,11.0
2025-01-14,L12,Four 1,28.0
2025-01-14,L13,Four 1,4.0
2025-01-14,L21,Four 2,19.0
2025-01-14,L22,Four 2,3.0
2025-01-14,L23,Four 2,17.0
2025-01-15,L11,Four 1,16.0
2025-01-15,L12,Four 1,8.0
2025-01-15,L13,Four 1,21.0
2025-01-15,L21,Four 2,10.0
2025-01-15,L22,Four 2,39.0
2025-01-15,L23,Four 2,43.0
2025-01-16,L11,Four 1,10.0
2025-01-16,L12,Four 1,2.0
2025-01-16,L13,Four 1,12.0
2025-01-16,L21,Four 2,10.0
2025-01-16,L22,Four 2,30.0
2025-01-16,L23,Four 2,23.0
2025-01-17,L11,Four 1,23.0
2025-01-17,L12,Four 1,121.0
2025-01-17,L13,Four 1,30.0
2025-01-17,L21,Four 2,0.0
2025-01-17,L22,Four 2,7.0
2025-01-17,L23,Four 2,0.0
2025-01-18,L11,Four 1,38.0
2025-01-18,L12,Four 1,5.0
2025-01-18,L13,Four 1,32.0
2025-01-18,L21,Four 2,0.0
2025-01-18,L22,Four 2,0.0
2025-01-18,L23,Four 2,4.0
2025-01-19,L11,Four 1,8.0
2025-01-19,L12,Four 1,0.0
2025-01-19,L13,Four 1,9.0
2025-01-19,L21,Four 2,8.0
2025-01-19,L22,Four 2,0.0
2025-01-19,L23,Four 2,0.0
2025-01-20,L11,Four 1,51.0
2025-01-20,L12,Four 1,2.0
2025-01-20,L13,Four 1,20.0
2025-01-20,L21,Four 2,32.0
2025-01-20,L22,Four 2,0.0
2025-01-20,L23,Four 2,4.0
2025-01-21,L11,Four 1,60.0
2025-01-21,L12,Four 1,453.0
2025-01-21,L13,Four 1,4.0
2025-01-21,L21,Four 2,0.0
2025-01-21,L22,Four 2,0.0
2025-01-21,L23,Four 2,3.0
2025-01-22,L11,Four 1,16.0
2025-01-22,L12,Four 1,790.0
2025-01-22,L13,Four 1,14.0
2025-01-22,L21,Four 2,15.0
2025-01-22,L22,Four 2,10.0
2025-01-22,L23,Four 2,2.0
2025-01-23,L11,Four 1,9.0
2025-01-23,L12,Four 1,3.0
2025-01-23,L13,Four 1,14.0
2025-01-23,L21,Four 2,13.0
2025-01-23,L22,Four 2,53.0
2025-01-23,L23,Four 2,4.0
2025-01-24,L11,Four 1,63.0
2025-01-24,L12,Four 1,240.0
2025-01-24,L13,Four 1,37.0
2025-01-24,L21,Four 2,50.0
2025-01-24,L22,Four 2,183.0
2025-01-24,L23,Four 2,38.0
2025-01-25,L11,Four 1,8.0
2025-01-25,L12,Four 1,8.0
2025-01-25,L13,Four 1,5.0
2025-01-25,L21,Four 2,13.0
2025-01-25,L22,Four 2,26.0
2025-01-25,L23,Four 2,19.0
2025-01-26,L11,Four 1,8.0
2025-01-26,L12,Four 1,23.0
2025-01-26,L13,Four 1,4.0
2025-01-26,L21,Four 2,23.0
2025-01-26,L22,Four 2,45.0
2025-01-26,L23,Four 2,14.0
2025-01-27,L11,Four 1,15.0
2025-01-27,L12,Four 1,38.0
2025-01-27,L13,Four 1,0.0
2025-01-27,L21,Four 2,4.0
2025-01-27,L22,Four 2,3.0
2025-01-27,L23,Four 2,0.0
2025-01-28,L11,Four 1,4.0
2025-01-28,L12,Four 1,18.0
2025-01-28,L13,Four 1,11.0
2025-01-28,L21,Four 2,13.0
2025-01-28,L22,Four 2,0.0
2025-01-28,L23,Four 2,14.0
2025-01-29,L11,Four 1,34.0
2025-01-29,L12,Four 1,74.0
2025-01-29,L13,Four 1,6.0
2025-01-29,L21,Four 2,18.0
2025-01-29,L22,Four 2,170.0
2025-01-29,L23,Four 2,33.0
2025-01-30,L11,Four 1,6.0
2025-01-30,L12,Four 1,9.0
2025-01-30,L13,Four 1,7.0
2025-01-30,L21,Four 2,0.0
2025-01-30,L22,Four 2,17.0
2025-01-30,L23,Four 2,0.0
2025-01-31,L11,Four 1,14.0
2025-01-31,L12,Four 1,7.0
2025-01-31,L13,Four 1,262.0
2025-01-31,L21,Four 2,0.0
2025-01-31,L22,Four 2,453.0
2025-01-31,L23,Four 2,6.0
2025-02-01,L11,Four 1,33.0
2025-02-01,L12,Four 1,1.0
2025-02-01,L13,Four 1,12.0
2025-02-01,L21,Four 2,28.0
2025-02-01,L22,Four 2,16.0
2025-02-01,L23,Four 2,0.0
2025-02-02,L11,Four 1,0.0
2025-02-02,L12,Four 1,0.0
2025-02-02,L13,Four 1,3.0
2025-02-02,L21,Four 2,10.0
2025-02-02,L22,Four 2,5.0
2025-02-02,L23,Four 2,0.0
2025-02-03,L11,Four 1,19.0
2025-02-03,L12,Four 1,0.0
2025-02-03,L13,Four 1,8.0
2025-02-03,L21,Four 2,14.0
2025-02-03,L22,Four 2,0.0
2025-02-03,L23,Four 2,6.0
2025-02-04,L11,Four 1,11.0
2025-02-04,L12,Four 1,3.0
2025-02-04,L13,Four 1,8.0
2025-02-04,L21,Four 2,38.0
2025-02-04,L22,Four 2,0.0
2025-02-04,L23,Four 2,0.0
2025-02-05,L11,Four 1,0.0
2025-02-05,L12,Four 1,0.0
2025-02-05,L13,Four 1,11.0
2025-02-05,L21,Four 2,13.0
2025-02-05,L22,Four 2,0.0
2025-02-05,L23,Four 2,6.0
2025-02-06,L11,Four 1,0.0
2025-02-06,L12,Four 1,4.0
2025-02-06,L13,Four 1,59.0
2025-02-06,L21,Four 2,0.0
2025-02-06,L22,Four 2,0.0
2025-02-06,L23,Four 2,7.0
2025-02-07,L11,Four 1,6.0
2025-02-07,L12,Four 1,11.0
2025-02-07,L13,Four 1,5.0
2025-02-07,L21,Four 2,0.0
2025-02-07,L22,Four 2,0.0
2025-02-07,L23,Four 2,21.0
2025-02-08,L11,Four 1,0.0
2025-02-08,L12,Four 1,4.0
2025-02-08,L13,Four 1,29.0
2025-02-08,L21,Four 2,17.0
2025-02-08,L22,Four 2,35.0
2025-02-08,L23,Four 2,34.0
2025-02-09,L11,Four 1,6.0
2025-02-09,L12,Four 1,0.0
2025-02-09,L13,Four 1,188.5
2025-02-09,L21,Four 2,36.0
2025-02-09,L22,Four 2,35.0
2025-02-09,L23,Four 2,4.0
2025-02-10,L11,Four 1,0.0
2025-02-10,L12,Four 1,30.0
2025-02-10,L13,Four 1,3.0
2025-02-10,L21,Four 2,3.0
2025-02-10,L22,Four 2,166.0
2025-02-10,L23,Four 2,0.0
2025-02-11,L11,Four 1,14.0
2025-02-11,L12,Four 1,19.0
2025-02-11,L13,Four 1,23.0
2025-02-11,L21,Four 2,3.0
2025-02-11,L22,Four 2,0.0
2025-02-11,L23,Four 2,8.0
2025-02-12,L11,Four 1,4.0
2025-02-12,L12,Four 1,6.0
2025-02-12,L13,Four 1,5.0
2025-02-12,L21,Four 2,10.0
2025-02-12,L22,Four 2,0.0
2025-02-12,L23,Four 2,0.0
2025-02-13,L11,Four 1,15.0
2025-02-13,L12,Four 1,0.0
2025-02-13,L13,Four 1,7.0
2025-02-13,L21,Four 2,0.0
2025-02-13,L22,Four 2,0.0
2025-02-13,L23,Four 2,0.0
2025-02-14,L11,Four 1,19.0
2025-02-14,L12,Four 1,4.0
2025-02-14,L13,Four 1,256.0
2025-02-14,L21,Four 2,0.0
2025-02-14,L22,Four 2,0.0
2025-02-14,L23,Four 2,0.0
2025-02-15,L11,Four 1,17.0
2025-02-15,L12,Four 1,0.0
2025-02-15,L13,Four 1,11.0
2025-02-15,L21,Four 2,0.0
2025-02-15,L22,Four 2,0.0
2025-02-15,L23,Four 2,0.0
2025-02-16,L11,Four 1,9.0
2025-02-16,L12,Four 1,13.0
2025-02-16,L13,Four 1,4.0
2025-02-16,L21,Four 2,0.0
2025-02-16,L22,Four 2,5.0
2025-02-16,L23,Four 2,0.0
2025-02-17,L11,Four 1,6.0
2025-02-17,L12,Four 1,0.0
2025-02-17,L13,Four 1,4.0
2025-02-17,L21,Four 2,5.0
2025-02-17,L22,Four 2,2.0
2025-02-17,L23,Four 2,4.0
2025-02-18,L11,Four 1,7.0
2025-02-18,L12,Four 1,6.0
2025-02-18,L13,Four 1,23.0
2025-02-18,L21,Four 2,0.0
2025-02-18,L22,Four 2,5.0
2025-02-18,L23,Four 2,13.0
2025-02-19,L11,Four 1,22.0
2025-02-19,L12,Four 1,2.0
2025-02-19,L13,Four 1,13.0
2025-02-19,L21,Four 2,0.0
2025-02-19,L22,Four 2,4.0
2025-02-19,L23,Four 2,10.0
2025-02-20,L11,Four 1,3.0
2025-02-20,L12,Four 1,8.0
2025-02-20,L13,Four 1,54.0
2025-02-20,L21,Four 2,0.0
2025-02-20,L22,Four 2,0.0
2025-02-20,L23,Four 2,4.0
2025-02-21,L11,Four 1,665.0
2025-02-21,L12,Four 1,18.0
2025-02-21,L13,Four 1,58.0
2025-02-21,L21,Four 2,0.0
2025-02-21,L22,Four 2,0.0
2025-02-21,L23,Four 2,0.0
2025-02-22,L11,Four 1,17.0
2025-02-22,L12,Four 1,15.0
2025-02-22,L13,Four 1,32.0
2025-02-22,L21,Four 2,0.0
2025-02-22,L22,Four 2,42.0
2025-02-22,L23,Four 2,0.0
2025-02-23,L11,Four 1,3.0
2025-02-23,L12,Four 1,0.0
2025-02-23,L13,Four 1,33.0
2025-02-23,L21,Four 2,4.0
2025-02-23,L22,Four 2,0.0
2025-02-23,L23,Four 2,14.0
2025-02-24,L11,Four 1,95.0
2025-02-24,L12,Four 1,0.0
2025-02-24,L13,Four 1,15.0
2025-02-24,L21,Four 2,190.0
2025-02-24,L22,Four 2,0.0
2025-02-24,L23,Four 2,3.0
2025-02-25,L11,Four 1,9.0
2025-02-25,L12,Four 1,2.0
2025-02-25,L13,Four 1,15.0
2025-02-25,L21,Four 2,45.0
2025-02-25,L22,Four 2,0.0
2025-02-25,L23,Four 2,0.0
2025-02-26,L11,Four 1,15.0
2025-02-26,L12,Four 1,15.0
2025-02-26,L13,Four 1,22.0
2025-02-26,L21,Four 2,0.0
2025-02-26,L22,Four 2,12.0
2025-02-26,L23,Four 2,0.0
2025-02-27,L11,Four 1,6.0
2025-02-27,L12,Four 1,22.0
2025-02-27,L13,Four 1,24.0
2025-02-27,L21,Four 2,0.0
2025-02-27,L22,Four 2,0.0
2025-02-27,L23,Four 2,30.0
2025-02-28,L11,Four 1,13.0
2025-02-28,L12,Four 1,0.0
2025-02-28,L13,Four 1,28.0
2025-02-28,L21,Four 2,0.0
2025-02-28,L22,Four 2,0.0
2025-02-28,L23,Four 2,21.0
2025-03-01,L11,Four 1,41.0
2025-03-01,L12,Four 1,2.0
2025-03-01,L13,Four 1,35.0
2025-03-01,L21,Four 2,0.0
2025-03-01,L22,Four 2,0.0
2025-03-01,L23,Four 2,15.0
2025-03-02,L11,Four 1,0.0
2025-03-02,L12,Four 1,4.0
2025-03-02,L13,Four 1,193.0
2025-03-02,L21,Four 2,8.0
2025-03-02,L22,Four 2,8.0
2025-03-02,L23,Four 2,6.0
2025-03-03,L11,Four 1,3.0
2025-03-03,L12,Four 1,4.0
2025-03-03,L13,Four 1,19.0
2025-03-03,L21,Four 2,0.0
2025-03-03,L22,Four 2,0.0
2025-03-03,L23,Four 2,43.0
2025-03-04,L11,Four 1,20.0
2025-03-04,L12,Four 1,358.0
2025-03-04,L13,Four 1,11.87
2025-03-04,L21,Four 2,11.0
2025-03-04,L22,Four 2,17.0
2025-03-04,L23,Four 2,0.0
2025-03-05,L11,Four 1,0.0
2025-03-05,L12,Four 1,2.0
2025-03-05,L13,Four 1,19.0
2025-03-05,L21,Four 2,0.0
2025-03-05,L22,Four 2,0.0
2025-03-05,L23,Four 2,3.0
2025-03-06,L11,Four 1,8.57
2025-03-06,L12,Four 1,29.0
2025-03-06,L13,Four 1,18.0
2025-03-06,L21,Four 2,0.0
2025-03-06,L22,Four 2,9.0
2025-03-06,L23,Four 2,2.0
2025-03-07,L11,Four 1,0.0
2025-03-07,L12,Four 1,0.0
2025-03-07,L13,Four 1,69.0
2025-03-07,L21,Four 2,0.0
2025-03-07,L22,Four 2,0.0
2025-03-07,L23,Four 2,0.0
2025-03-08,L11,Four 1,11.0
2025-03-08,L12,Four 1,19.0
2025-03-08,L13,Four 1,78.5
2025-03-08,L21,Four 2,0.0
2025-03-08,L22,Four 2,0.0
2025-03-08,L23,Four 2,0.0
2025-03-09,L11,Four 1,2.1
2025-03-09,L12,Four 1,5.0
2025-03-09,L13,Four 1,46.5
2025-03-09,L21,Four 2,8.1
2025-03-09,L22,Four 2,0.0
2025-03-09,L23,Four 2,0.0
2025-03-10,L11,Four 1,2.5
2025-03-10,L12,Four 1,8.0
2025-03-10,L13,Four 1,14.5
2025-03-10,L21,Four 2,0.0
2025-03-10,L22,Four 2,0.0
2025-03-10,L23,Four 2,0.0
2025-03-11,L11,Four 1,61.0
2025-03-11,L12,Four 1,0.0
2025-03-11,L13,Four 1,3.0
2025-03-11,L21,Four 2,7.0
2025-03-11,L22,Four 2,0.0
2025-03-11,L23,Four 2,9.0
2025-03-12,L11,Four 1,2.0
2025-03-12,L12,Four 1,21.0
2025-03-12,L13,Four 1,9.0
2025-03-12,L21,Four 2,11.0
2025-03-12,L22,Four 2,10.0
2025-03-12,L23,Four 2,13.0
2025-03-13,L11,Four 1,14.0
2025-03-13,L12,Four 1,0.0
2025-03-13,L13,Four 1,23.0
2025-03-13,L21,Four 2,8.0
2025-03-13,L22,Four 2,1.0
2025-03-13,L23,Four 2,0.0
2025-03-14,L11,Four 1,4.0
2025-03-14,L12,Four 1,828.0
2025-03-14,L13,Four 1,17.0
2025-03-14,L21,Four 2,203.0
2025-03-14,L22,Four 2,0.0
2025-03-14,L23,Four 2,0.0
2025-03-15,L11,Four 1,122.0
2025-03-15,L12,Four 1,111.0
2025-03-15,L13,Four 1,15.0
2025-03-15,L21,Four 2,84.0
2025-03-15,L22,Four 2,33.0
2025-03-15,L23,Four 2,39.0
2025-03-16,L11,Four 1,13.0
2025-03-16,L12,Four 1,0.0
2025-03-16,L13,Four 1,14.0
2025-03-16,L21,Four 2,79.0
2025-03-16,L22,Four 2,0.0
2025-03-16,L23,Four 2,3.0
2025-03-17,L11,Four 1,9.0
2025-03-17,L12,Four 1,9.0
2025-03-17,L13,Four 1,17.0
2025-03-17,L21,Four 2,101.0
2025-03-17,L22,Four 2,0.0
2025-03-17,L23,Four 2,0.0
2025-03-18,L11,Four 1,35.0
2025-03-18,L12,Four 1,50.0
2025-03-18,L13,Four 1,17.0
2025-03-18,L21,Four 2,16.0
2025-03-18,L22,Four 2,3.0
2025-03-18,L23,Four 2,29.0
2025-03-19,L11,Four 1,9.0
2025-03-19,L12,Four 1,0.0
2025-03-19,L13,Four 1,18.0
2025-03-19,L21,Four 2,0.0
2025-03-19,L22,Four 2,45.0
2025-03-19,L23,Four 2,15.0
2025-03-20,L11,Four 1,6.0
2025-03-20,L12,Four 1,0.0
2025-03-20,L13,Four 1,0.0
2025-03-20,L21,Four 2,0.0
2025-03-20,L22,Four 2,30.0
2025-03-20,L23,Four 2,0.0
2025-03-21,L11,Four 1,0.0
2025-03-21,L12,Four 1,0.0
2025-03-21,L13,Four 1,19.0
2025-03-21,L21,Four 2,0.0
2025-03-21,L22,Four 2,4.0
2025-03-21,L23,Four 2,22.0
2025-03-22,L11,Four 1,15.0
2025-03-22,L12,Four 1,2.0
2025-03-22,L13,Four 1,18.0
2025-03-22,L21,Four 2,6.0
2025-03-22,L22,Four 2,0.0
2025-03-22,L23,Four 2,0.0
2025-03-23,L11,Four 1,3.0
2025-03-23,L12,Four 1,0.0
2025-03-23,L13,Four 1,16.0
2025-03-23,L21,Four 2,0.0
2025-03-23,L22,Four 2,134.0
2025-03-23,L23,Four 2,0.0
2025-03-24,L11,Four 1,14.0
2025-03-24,L12,Four 1,0.0
2025-03-24,L13,Four 1,17.0
2025-03-24,L21,Four 2,18.0
2025-03-24,L22,Four 2,15.0
2025-03-24,L23,Four 2,0.0
2025-03-25,L11,Four 1,10.0
2025-03-25,L12,Four 1,0.0
2025-03-25,L13,Four 1,8.0
2025-03-25,L21,Four 2,0.0
2025-03-25,L22,Four 2,0.0
2025-03-25,L23,Four 2,3.0
2025-03-26,L11,Four 1,22.0
2025-03-26,L12,Four 1,0.0
2025-03-26,L13,Four 1,4.0
2025-03-26,L21,Four 2,3.0
2025-03-26,L22,Four 2,0.0
2025-03-26,L23,Four 2,17.0
2025-03-27,L11,Four 1,8.0
2025-03-27,L12,Four 1,0.0
2025-03-27,L13,Four 1,249.0
2025-03-27,L21,Four 2,6.0
2025-03-27,L22,Four 2,0.0
2025-03-27,L23,Four 2,4.0
2025-03-28,L11,Four 1,13.0
2025-03-28,L12,Four 1,0.0
2025-03-28,L13,Four 1,21.0
2025-03-28,L21,Four 2,0.0
2025-03-28,L22,Four 2,0.0
2025-03-28,L23,Four 2,10.0
2025-03-29,L11,Four 1,4.0
2025-03-29,L12,Four 1,2.0
2025-03-29,L13,Four 1,21.0
2025-03-29,L21,Four 2,17.0
2025-03-29,L22,Four 2,0.0
2025-03-29,L23,Four 2,0.0
2025-03-30,L11,Four 1,15.0
2025-03-30,L12,Four 1,24.0
2025-03-30,L13,Four 1,9.0
2025-03-30,L21,Four 2,0.0
2025-03-30,L22,Four 2,0.0
2025-03-30,L23,Four 2,139.0
2025-03-31,L11,Four 1,24.0
2025-03-31,L12,Four 1,41.0
2025-03-31,L13,Four 1,17.0
2025-03-31,L21,Four 2,0.0
2025-03-31,L22,Four 2,10.0
2025-03-31,L23,Four 2,0.0
2025-04-01,L11,Four 1,11.0
2025-04-01,L12,Four 1,8.0
2025-04-01,L13,Four 1,7.0
2025-04-01,L21,Four 2,0.0
2025-04-01,L22,Four 2,5.0
2025-04-01,L23,Four 2,360.0
2025-04-02,L11,Four 1,10.0
2025-04-02,L12,Four 1,1.0
2025-04-02,L13,Four 1,7.0
2025-04-02,L21,Four 2,0.0
2025-04-02,L22,Four 2,0.0
2025-04-02,L23,Four 2,0.0
2025-04-03,L11,Four 1,0.0
2025-04-03,L12,Four 1,345.0
2025-04-03,L13,Four 1,73.0
2025-04-03,L21,Four 2,0.0
2025-04-03,L22,Four 2,0.0
2025-04-03,L23,Four 2,0.0
2025-04-04,L11,Four 1,25.62
2025-04-04,L12,Four 1,4.0
2025-04-04,L13,Four 1,6.0
2025-04-04,L21,Four 2,0.0
2025-04-04,L22,Four 2,0.0
2025-04-04,L23,Four 2,0.0
2025-04-05,L11,Four 1,36.0
2025-04-05,L12,Four 1,21.0
2025-04-05,L13,Four 1,3.0
2025-04-05,L21,Four 2,74.0
2025-04-05,L22,Four 2,15.0
2025-04-05,L23,Four 2,0.0
2025-04-06,L11,Four 1,35.0
2025-04-06,L12,Four 1,31.0
2025-04-06,L13,Four 1,5.0
2025-04-06,L21,Four 2,23.0
2025-04-06,L22,Four 2,4.0
2025-04-06,L23,Four 2,9.0
2025-04-07,L11,Four 1,11.0
2025-04-07,L12,Four 1,103.0
2025-04-07,L13,Four 1,11.0
2025-04-07,L21,Four 2,3.0
2025-04-07,L22,Four 2,10.0
2025-04-07,L23,Four 2,8.0
2025-04-08,L11,Four 1,21.0
2025-04-08,L12,Four 1,0.0
2025-04-08,L13,Four 1,28.0
2025-04-08,L21,Four 2,16.0
2025-04-08,L22,Four 2,20.0
2025-04-08,L23,Four 2,19.0
2025-04-09,L11,Four 1,5.0
2025-04-09,L12,Four 1,49.0
2025-04-09,L13,Four 1,11.0
2025-04-09,L21,Four 2,71.0
2025-04-09,L22,Four 2,0.0
2025-04-09,L23,Four 2,33.0
2025-04-10,L11,Four 1,12.0
2025-04-10,L12,Four 1,54.0
2025-04-10,L13,Four 1,7.0
2025-04-10,L21,Four 2,23.0
2025-04-10,L22,Four 2,0.0
2025-04-10,L23,Four 2,20.0
2025-04-11,L11,Four 1,14.0
2025-04-11,L12,Four 1,7.0
2025-04-11,L13,Four 1,9.0
2025-04-11,L21,Four 2,11.0
2025-04-11,L22,Four 2,85.0
2025-04-11,L23,Four 2,0.0
2025-04-12,L11,Four 1,4.0
2025-04-12,L12,Four 1,8.0
2025-04-12,L13,Four 1,15.0
2025-04-12,L21,Four 2,97.0
2025-04-12,L22,Four 2,20.0
2025-04-12,L23,Four 2,40.0
2025-04-13,L11,Four 1,6.0
2025-04-13,L12,Four 1,0.0
2025-04-13,L13,Four 1,2.0
2025-04-13,L21,Four 2,0.0
2025-04-13,L22,Four 2,9.0
2025-04-13,L23,Four 2,0.0
2025-04-14,L11,Four 1,0.0
2025-04-14,L12,Four 1,19.0
2025-04-14,L13,Four 1,4.0
2025-04-14,L21,Four 2,21.0
2025-04-14,L22,Four 2,25.0
2025-04-14,L23,Four 2,4.0
2025-04-15,L11,Four 1,99.0
2025-04-15,L12,Four 1,0.0
2025-04-15,L13,Four 1,2.0
2025-04-15,L21,Four 2,15.0
2025-04-15,L22,Four 2,32.0
2025-04-15,L23,Four 2,0.0
2025-04-16,L11,Four 1,7.0
2025-04-16,L12,Four 1,2.0
2025-04-16,L13,Four 1,15.0
2025-04-16,L21,Four 2,82.0
2025-04-16,L22,Four 2,33.0
2025-04-16,L23,Four 2,25.0
2025-04-17,L11,Four 1,4.0
2025-04-17,L12,Four 1,45.0
2025-04-17,L13,Four 1,36.0
2025-04-17,L21,Four 2,41.0
2025-04-17,L22,Four 2,33.0
2025-04-17,L23,Four 2,0.0
2025-04-18,L11,Four 1,5.0
2025-04-18,L12,Four 1,56.0
2025-04-18,L13,Four 1,11.0
2025-04-18,L21,Four 2,8.0
2025-04-18,L22,Four 2,18.0
2025-04-18,L23,Four 2,64.0
2025-04-19,L11,Four 1,34.0
2025-04-19,L12,Four 1,4.0
2025-04-19,L13,Four 1,13.0
2025-04-19,L21,Four 2,0.0
2025-04-19,L22,Four 2,39.0
2025-04-19,L23,Four 2,14.0
2025-04-20,L11,Four 1,6.0
2025-04-20,L12,Four 1,3.0
2025-04-20,L13,Four 1,20.0
2025-04-20,L21,Four 2,9.0
2025-04-20,L22,Four 2,0.0
2025-04-20,L23,Four 2,225.0
2025-04-21,L11,Four 1,39.0
2025-04-21,L12,Four 1,55.0
2025-04-21,L13,Four 1,111.0
2025-04-21,L21,Four 2,8.0
2025-04-21,L22,Four 2,0.0
2025-04-21,L23,Four 2,0.0
2025-04-22,L11,Four 1,0.0
2025-04-22,L12,Four 1,16.0
2025-04-22,L13,Four 1,13.0
2025-04-22,L21,Four 2,0.0
2025-04-22,L22,Four 2,0.0
2025-04-22,L23,Four 2,60.0
2025-04-23,L11,Four 1,9.0
2025-04-23,L12,Four 1,10.0
2025-04-23,L13,Four 1,111.0
2025-04-23,L21,Four 2,8.0
2025-04-23,L22,Four 2,13.0
2025-04-23,L23,Four 2,25.0
2025-04-24,L11,Four 1,3.0
2025-04-24,L12,Four 1,3.0
2025-04-24,L13,Four 1,39.0
2025-04-24,L21,Four 2,0.0
2025-04-24,L22,Four 2,15.0
2025-04-24,L23,Four 2,34.0
2025-04-25,L11,Four 1,3.0
2025-04-25,L12,Four 1,3.0
2025-04-25,L13,Four 1,38.0
2025-04-25,L21,Four 2,0.0
2025-04-25,L22,Four 2,1.0
2025-04-25,L23,Four 2,27.0
2025-04-26,L11,Four 1,4.0
2025-04-26,L12,Four 1,7.0
2025-04-26,L13,Four 1,34.0
2025-04-26,L21,Four 2,4.0
2025-04-26,L22,Four 2,3.0
2025-04-26,L23,Four 2,4.0
2025-04-27,L11,Four 1,12.0
2025-04-27,L12,Four 1,7.0
2025-04-27,L13,Four 1,24.0
2025-04-27,L21,Four 2,0.0
2025-04-27,L22,Four 2,5.0
2025-04-27,L23,Four 2,19.0
2025-04-28,L11,Four 1,26.0
2025-04-28,L12,Four 1,16.0
2025-04-28,L13,Four 1,5.0
2025-04-28,L21,Four 2,29.0
2025-04-28,L22,Four 2,6.0
2025-04-28,L23,Four 2,16.0
2025-04-29,L11,Four 1,9.0
2025-04-29,L12,Four 1,3.0
2025-04-29,L13,Four 1,14.0
2025-04-29,L21,Four 2,30.0
2025-04-29,L22,Four 2,16.0
2025-04-29,L23,Four 2,15.0
2025-04-30,L11,Four 1,13.0
2025-04-30,L12,Four 1,8.0
2025-04-30,L13,Four 1,3.0
2025-04-30,L21,Four 2,4.0
2025-04-30,L22,Four 2,0.0
2025-04-30,L23,Four 2,18.0
2025-05-01,L11,Four 1,4.0
2025-05-01,L12,Four 1,2.0
2025-05-01,L13,Four 1,58.0
2025-05-01,L21,Four 2,40.0
2025-05-01,L22,Four 2,0.0
2025-05-01,L23,Four 2,43.0
2025-05-02,L11,Four 1,0.0
2025-05-02,L12,Four 1,20.0
2025-05-02,L13,Four 1,12.0
2025-05-02,L21,Four 2,13.0
2025-05-02,L22,Four 2,0.0
2025-05-02,L23,Four 2,19.0
2025-05-03,L11,Four 1,9.0
2025-05-03,L12,Four 1,43.0
2025-05-03,L13,Four 1,12.0
2025-05-03,L21,Four 2,5.0
2025-05-03,L22,Four 2,6.0
2025-05-03,L23,Four 2,44.0
2025-05-04,L11,Four 1,14.0
2025-05-04,L12,Four 1,27.0
2025-05-04,L13,Four 1,31.0
2025-05-04,L21,Four 2,5.0
2025-05-04,L22,Four 2,9.0
2025-05-04,L23,Four 2,15.0
2025-05-05,L11,Four 1,11.0
2025-05-05,L12,Four 1,48.0
2025-05-05,L13,Four 1,12.0
2025-05-05,L21,Four 2,13.0
2025-05-05,L22,Four 2,0.0
2025-05-05,L23,Four 2,1.0
2025-05-06,L11,Four 1,9.0
2025-05-06,L12,Four 1,0.0
2025-05-06,L13,Four 1,5.0
2025-05-06,L21,Four 2,15.0
2025-05-06,L22,Four 2,3.0
2025-05-06,L23,Four 2,4.0
2025-05-07,L11,Four 1,4.0
2025-05-07,L12,Four 1,26.0
2025-05-07,L13,Four 1,178.0
2025-05-07,L21,Four 2,4.0
2025-05-07,L22,Four 2,30.0
2025-05-07,L23,Four 2,11.0
2025-05-08,L11,Four 1,12.0
2025-05-08,L12,Four 1,0.0
2025-05-08,L13,Four 1,13.0
2025-05-08,L21,Four 2,0.0
2025-05-08,L22,Four 2,34.0
2025-05-08,L23,Four 2,0.0
2025-05-09,L11,Four 1,22.5
2025-05-09,L12,Four 1,24.0
2025-05-09,L13,Four 1,17.5
2025-05-09,L21,Four 2,5.6
2025-05-09,L22,Four 2,5.0
2025-05-09,L23,Four 2,16.0
2025-05-10,L11,Four 1,114.0
2025-05-10,L12,Four 1,7.0
2025-05-10,L13,Four 1,55.0
2025-05-10,L21,Four 2,19.0
2025-05-10,L22,Four 2,0.0
2025-05-10,L23,Four 2,40.0
2025-05-11,L11,Four 1,29.0
2025-05-11,L12,Four 1,0.0
2025-05-11,L13,Four 1,17.0
2025-05-11,L21,Four 2,15.0
2025-05-11,L22,Four 2,5.0
2025-05-11,L23,Four 2,40.0
2025-05-12,L11,Four 1,23.0
2025-05-12,L12,Four 1,0.0
2025-05-12,L13,Four 1,0.0
2025-05-12,L21,Four 2,4.0
2025-05-12,L22,Four 2,0.0
2025-05-12,L23,Four 2,3.0
2025-05-13,L11,Four 1,39.0
2025-05-13,L12,Four 1,2.0
2025-05-13,L13,Four 1,8.0
2025-05-13,L21,Four 2,0.0
2025-05-13,L22,Four 2,0.0
2025-05-13,L23,Four 2,0.0
2025-05-14,L11,Four 1,2.0
2025-05-14,L12,Four 1,2.0
2025-05-14,L13,Four 1,17.0
2025-05-14,L21,Four 2,0.0
2025-05-14,L22,Four 2,0.0
2025-05-14,L23,Four 2,0.0
2025-05-15,L11,Four 1,0.0
2025-05-15,L12,Four 1,23.0
2025-05-15,L13,Four 1,14.0
2025-05-15,L21,Four 2,0.0
2025-05-15,L22,Four 2,0.0
2025-05-15,L23,Four 2,0.0
2025-05-16,L11,Four 1,8.0
2025-05-16,L12,Four 1,0.0
2025-05-16,L13,Four 1,19.0
2025-05-16,L21,Four 2,6.0
2025-05-16,L22,Four 2,9.0
2025-05-16,L23,Four 2,13.0
2025-05-17,L11,Four 1,4.0
2025-05-17,L12,Four 1,40.0
2025-05-17,L13,Four 1,31.0
2025-05-17,L21,Four 2,0.0
2025-05-17,L22,Four 2,9.0
2025-05-17,L23,Four 2,6.0
2025-05-18,L11,Four 1,0.0
2025-05-18,L12,Four 1,0.0
2025-05-18,L13,Four 1,21.0
2025-05-18,L21,Four 2,0.0
2025-05-18,L22,Four 2,4.0
2025-05-18,L23,Four 2,11.0
2025-05-19,L11,Four 1,0.0
2025-05-19,L12,Four 1,0.0
2025-05-19,L13,Four 1,21.0
2025-05-19,L21,Four 2,0.0
2025-05-19,L22,Four 2,0.0
2025-05-19,L23,Four 2,0.0
2025-05-20,L11,Four 1,32.0
2025-05-20,L12,Four 1,12.0
2025-05-20,L13,Four 1,20.0
2025-05-20,L21,Four 2,3.0
2025-05-20,L22,Four 2,3.0
2025-05-20,L23,Four 2,15.0
2025-05-21,L11,Four 1,9.0
2025-05-21,L12,Four 1,0.0
2025-05-21,L13,Four 1,10.0
2025-05-21,L21,Four 2,0.0
2025-05-21,L22,Four 2,6.0
2025-05-21,L23,Four 2,12.0
2025-05-22,L11,Four 1,13.0
2025-05-22,L12,Four 1,5.0
2025-05-22,L13,Four 1,19.0
2025-05-22,L21,Four 2,0.0
2025-05-22,L22,Four 2,194.0
2025-05-22,L23,Four 2,3.0
2025-05-23,L11,Four 1,8.0
2025-05-23,L12,Four 1,26.0
2025-05-23,L13,Four 1,0.0
2025-05-23,L21,Four 2,0.0
2025-05-23,L22,Four 2,55.0
2025-05-23,L23,Four 2,0.0
2025-05-24,L11,Four 1,5.0
2025-05-24,L12,Four 1,17.0
2025-05-24,L13,Four 1,15.0
2025-05-24,L21,Four 2,0.0
2025-05-24,L22,Four 2,24.0
2025-05-24,L23,Four 2,26.0
2025-05-25,L11,Four 1,24.0
2025-05-25,L12,Four 1,0.0
2025-05-25,L13,Four 1,12.0
2025-05-25,L21,Four 2,5.0
2025-05-25,L22,Four 2,0.0
2025-05-25,L23,Four 2,4.0
2025-05-26,L11,Four 1,24.0
2025-05-26,L12,Four 1,3.0
2025-05-26,L13,Four 1,0.0
2025-05-26,L21,Four 2,0.0
2025-05-26,L22,Four 2,0.0
2025-05-26,L23,Four 2,4.0
2025-05-27,L11,Four 1,0.0
2025-05-27,L12,Four 1,0.0
2025-05-27,L13,Four 1,15.0
2025-05-27,L21,Four 2,0.0
2025-05-27,L22,Four 2,28.0
2025-05-27,L23,Four 2,0.0
2025-05-28,L11,Four 1,4.0
2025-05-28,L12,Four 1,6.0
2025-05-28,L13,Four 1,2.0
2025-05-28,L21,Four 2,0.0
2025-05-28,L22,Four 2,0.0
2025-05-28,L23,Four 2,18.0
2025-05-29,L11,Four 1,6.0
2025-05-29,L12,Four 1,7.0
2025-05-29,L13,Four 1,6.0
2025-05-29,L21,Four 2,0.0
2025-05-29,L22,Four 2,13.0
2025-05-29,L23,Four 2,0.0
2025-05-30,L11,Four 1,0.0
2025-05-30,L12,Four 1,0.0
2025-05-30,L13,Four 1,23.0
2025-05-30,L21,Four 2,15.0
2025-05-30,L22,Four 2,29.0
2025-05-30,L23,Four 2,10.0
2025-05-31,L11,Four 1,0.0
2025-05-31,L12,Four 1,0.0
2025-05-31,L13,Four 1,14.0
2025-05-31,L21,Four 2,0.0
2025-05-31,L22,Four 2,0.0
2025-05-31,L23,Four 2,0.0
2025-06-01,L11,Four 1,13.0
2025-06-01,L12,Four 1,19.0
2025-06-01,L13,Four 1,20.0
2025-06-01,L21,Four 2,0.0
2025-06-01,L22,Four 2,10.0
2025-06-01,L23,Four 2,0.0
2025-06-02,L11,Four 1,8.0
2025-06-02,L12,Four 1,4.0
2025-06-02,L13,Four 1,1.0
2025-06-02,L21,Four 2,4.0
2025-06-02,L22,Four 2,36.0
2025-06-02,L23,Four 2,5.0
2025-06-03,L11,Four 1,4.0
2025-06-03,L12,Four 1,4.0
2025-06-03,L13,Four 1,0.0
2025-06-03,L21,Four 2,0.0
2025-06-03,L22,Four 2,0.0
2025-06-03,L23,Four 2,0.0
2025-06-04,L11,Four 1,13.0
2025-06-04,L12,Four 1,2.0
2025-06-04,L13,Four 1,3.0
2025-06-04,L21,Four 2,8.0
2025-06-04,L22,Four 2,0.0
2025-06-04,L23,Four 2,0.0
2025-06-05,L11,Four 1,0.0
2025-06-05,L12,Four 1,0.0
2025-06-05,L13,Four 1,3.0
2025-06-05,L21,Four 2,4.0
2025-06-05,L22,Four 2,0.0
2025-06-05,L23,Four 2,9.0
2025-06-06,L11,Four 1,0.0
2025-06-06,L12,Four 1,0.0
2025-06-06,L13,Four 1,7.0
2025-06-06,L21,Four 2,8.0
2025-06-06,L22,Four 2,44.0
2025-06-06,L23,Four 2,36.0
2025-06-07,L11,Four 1,2.0
2025-06-07,L12,Four 1,3.0
2025-06-07,L13,Four 1,1.0
2025-06-07,L21,Four 2,0.0
2025-06-07,L22,Four 2,0.0
2025-06-07,L23,Four 2,11.0
2025-06-08,L11,Four 1,0.0
2025-06-08,L12,Four 1,9.0
2025-06-08,L13,Four 1,10.0
2025-06-08,L21,Four 2,0.0
2025-06-08,L22,Four 2,20.0
2025-06-08,L23,Four 2,26.0
2025-06-09,L11,Four 1,14.0
2025-06-09,L12,Four 1,0.0
2025-06-09,L13,Four 1,2.0
2025-06-09,L21,Four 2,0.0
2025-06-09,L22,Four 2,0.0
2025-06-09,L23,Four 2,0.0
2025-06-10,L11,Four 1,24.0
2025-06-10,L12,Four 1,7.0
2025-06-10,L13,Four 1,15.0
2025-06-10,L21,Four 2,40.0
2025-06-10,L22,Four 2,0.0
2025-06-10,L23,Four 2,2.0
2025-06-11,L11,Four 1,16.0
2025-06-11,L12,Four 1,2.0
2025-06-11,L13,Four 1,3.0
2025-06-11,L21,Four 2,0.0
2025-06-11,L22,Four 2,9.0
2025-06-11,L23,Four 2,0.0
2025-06-12,L11,Four 1,23.0
2025-06-12,L12,Four 1,45.0
2025-06-12,L13,Four 1,2.0
2025-06-12,L21,Four 2,15.0
2025-06-12,L22,Four 2,3.0
2025-06-12,L23,Four 2,0.0
2025-06-13,L11,Four 1,1.0
2025-06-13,L12,Four 1,8.0
2025-06-13,L13,Four 1,9.0
2025-06-13,L21,Four 2,4.0
2025-06-13,L22,Four 2,8.0
2025-06-13,L23,Four 2,0.0
2025-06-14,L11,Four 1,67.0
2025-06-14,L12,Four 1,10.0
2025-06-14,L13,Four 1,3.0
2025-06-14,L21,Four 2,0.0
2025-06-14,L22,Four 2,0.0
2025-06-14,L23,Four 2,4.0
2025-06-15,L11,Four 1,12.0
2025-06-15,L12,Four 1,0.0
2025-06-15,L13,Four 1,6.0
2025-06-15,L21,Four 2,2.0
2025-06-15,L22,Four 2,0.0
2025-06-15,L23,Four 2,4.0
2025-06-16,L11,Four 1,0.0
2025-06-16,L12,Four 1,0.0
2025-06-16,L13,Four 1,0.0
2025-06-16,L21,Four 2,0.0
2025-06-16,L22,Four 2,0.0
2025-06-16,L23,Four 2,0.0
2025-06-17,L11,Four 1,4.0
2025-06-17,L12,Four 1,0.0
2025-06-17,L13,Four 1,9.0
2025-06-17,L21,Four 2,0.0
2025-06-17,L22,Four 2,0.0
2025-06-17,L23,Four 2,0.0
2025-06-18,L11,Four 1,13.0
2025-06-18,L12,Four 1,76.0
2025-06-18,L13,Four 1,49.0
2025-06-18,L21,Four 2,18.0
2025-06-18,L22,Four 2,3.0
2025-06-18,L23,Four 2,41.0
2025-06-19,L11,Four 1,13.0
2025-06-19,L12,Four 1,76.0
2025-06-19,L13,Four 1,49.0
2025-06-19,L21,Four 2,18.0
2025-06-19,L22,Four 2,3.0
2025-06-19,L23,Four 2,41.0
2025-06-20,L11,Four 1,70.0
2025-06-20,L12,Four 1,3.0
2025-06-20,L13,Four 1,0.0
2025-06-20,L21,Four 2,15.0
2025-06-20,L22,Four 2,20.0
2025-06-20,L23,Four 2,2.0
2025-06-21,L11,Four 1,15.0
2025-06-21,L12,Four 1,15.0
2025-06-21,L13,Four 1,6.0
2025-06-21,L21,Four 2,3.0
2025-06-21,L22,Four 2,0.0
2025-06-21,L23,Four 2,72.0
2025-06-22,L11,Four 1,16.0
2025-06-22,L12,Four 1,37.0
2025-06-22,L13,Four 1,7.0
2025-06-22,L21,Four 2,0.0
2025-06-22,L22,Four 2,63.0
2025-06-22,L23,Four 2,6.0
2025-06-23,L11,Four 1,37.0
2025-06-23,L12,Four 1,6.0
2025-06-23,L13,Four 1,12.0
2025-06-23,L21,Four 2,0.0
2025-06-23,L22,Four 2,46.0
2025-06-23,L23,Four 2,11.0
2025-06-24,L11,Four 1,43.0
2025-06-24,L12,Four 1,9.0
2025-06-24,L13,Four 1,32.0
2025-06-24,L21,Four 2,5.0
2025-06-24,L22,Four 2,5.0
2025-06-24,L23,Four 2,4.0
2025-06-25,L11,Four 1,25.0
2025-06-25,L12,Four 1,4.0
2025-06-25,L13,Four 1,11.0
2025-06-25,L21,Four 2,4.0
2025-06-25,L22,Four 2,13.0
2025-06-25,L23,Four 2,0.0
2025-06-26,L11,Four 1,0.0
2025-06-26,L12,Four 1,5.0
2025-06-26,L13,Four 1,2.0
2025-06-26,L21,Four 2,0.0
2025-06-26,L22,Four 2,16.0
2025-06-26,L23,Four 2,5.0
2025-06-27,L11,Four 1,21.0
2025-06-27,L12,Four 1,62.0
2025-06-27,L13,Four 1,21.0
2025-06-27,L21,Four 2,0.0
2025-06-27,L22,Four 2,34.0
2025-06-27,L23,Four 2,2.0
2025-06-28,L11,Four 1,33.0
2025-06-28,L12,Four 1,11.0
2025-06-28,L13,Four 1,19.0
2025-06-28,L21,Four 2,25.0
2025-06-28,L22,Four 2,5.0
2025-06-28,L23,Four 2,20.0
2025-06-29,L11,Four 1,23.0
2025-06-29,L12,Four 1,4.0
2025-06-29,L13,Four 1,38.0
2025-06-29,L21,Four 2,8.0
2025-06-29,L22,Four 2,46.0
2025-06-29,L23,Four 2,4.0
2025-06-30,L11,Four 1,37.0
2025-06-30,L12,Four 1,2.0
2025-06-30,L13,Four 1,19.0
2025-06-30,L21,Four 2,49.0
2025-06-30,L22,Four 2,21.0
2025-06-30,L23,Four 2,125.0
2025-07-01,L11,Four 1,41.0
2025-07-01,L12,Four 1,104.0
2025-07-01,L13,Four 1,28.0
2025-07-01,L21,Four 2,11.0
2025-07-01,L22,Four 2,12.0
2025-07-01,L23,Four 2,40.0
2025-07-02,L11,Four 1,7.0
2025-07-02,L12,Four 1,4.0
2025-07-02,L13,Four 1,91.0
2025-07-02,L21,Four 2,5.0
2025-07-02,L22,Four 2,13.0
2025-07-02,L23,Four 2,0.0
2025-07-03,L11,Four 1,4.0
2025-07-03,L12,Four 1,3.0
2025-07-03,L13,Four 1,0.0
2025-07-03,L21,Four 2,20.0
2025-07-03,L22,Four 2,0.0
2025-07-03,L23,Four 2,11.0
2025-07-04,L11,Four 1,70.0
2025-07-04,L12,Four 1,5.0
2025-07-04,L13,Four 1,154.0
2025-07-04,L21,Four 2,61.0
2025-07-04,L22,Four 2,96.0
2025-07-04,L23,Four 2,46.0
2025-07-05,L11,Four 1,29.0
2025-07-05,L12,Four 1,12.0
2025-07-05,L13,Four 1,46.0
2025-07-05,L21,Four 2,4.0
2025-07-05,L22,Four 2,7.0
2025-07-05,L23,Four 2,10.0
2025-07-06,L11,Four 1,8.0
2025-07-06,L12,Four 1,15.0
2025-07-06,L13,Four 1,27.0
2025-07-06,L21,Four 2,0.0
2025-07-06,L22,Four 2,0.0
2025-07-06,L23,Four 2,3.0
2025-07-07,L11,Four 1,2.0
2025-07-07,L12,Four 1,124.0
2025-07-07,L13,Four 1,34.0
2025-07-07,L21,Four 2,0.0
2025-07-07,L22,Four 2,42.0
2025-07-07,L23,Four 2,10.0
2025-07-08,L11,Four 1,8.0
2025-07-08,L12,Four 1,1.0
2025-07-08,L13,Four 1,115.0
2025-07-08,L21,Four 2,0.0
2025-07-08,L22,Four 2,6.0
2025-07-08,L23,Four 2,0.0
2025-07-09,L11,Four 1,7.0
2025-07-09,L12,Four 1,17.0
2025-07-09,L13,Four 1,45.0
2025-07-09,L21,Four 2,0.0
2025-07-09,L22,Four 2,0.0
2025-07-09,L23,Four 2,15.0
2025-07-10,L11,Four 1,8.0
2025-07-10,L12,Four 1,0.0
2025-07-10,L13,Four 1,21.0
2025-07-10,L21,Four 2,0.0
2025-07-10,L22,Four 2,0.0
2025-07-10,L23,Four 2,0.0
2025-07-11,L11,Four 1,19.0
2025-07-11,L12,Four 1,13.0
2025-07-11,L13,Four 1,0.0
2025-07-11,L21,Four 2,0.0
2025-07-11,L22,Four 2,0.0
2025-07-11,L23,Four 2,0.0
2025-07-12,L11,Four 1,25.0
2025-07-12,L12,Four 1,7.0
2025-07-12,L13,Four 1,13.0
2025-07-12,L21,Four 2,5.0
2025-07-12,L22,Four 2,34.0
2025-07-12,L23,Four 2,26.0
2025-07-13,L11,Four 1,39.0
2025-07-13,L12,Four 1,26.0
2025-07-13,L13,Four 1,31.0
2025-07-13,L21,Four 2,4.0
2025-07-13,L22,Four 2,15.0
2025-07-13,L23,Four 2,35.0
2025-07-14,L11,Four 1,24.0
2025-07-14,L12,Four 1,12.0
2025-07-14,L13,Four 1,39.0
2025-07-14,L21,Four 2,4.0
2025-07-14,L22,Four 2,0.0
2025-07-14,L23,Four 2,5.0
2025-07-15,L11,Four 1,20.0
2025-07-15,L12,Four 1,41.0
2025-07-15,L13,Four 1,24.0
2025-07-15,L21,Four 2,12.0
2025-07-15,L22,Four 2,0.0
2025-07-15,L23,Four 2,12.0
2025-07-16,L11,Four 1,8.0
2025-07-16,L12,Four 1,23.0
2025-07-16,L13,Four 1,0.0
2025-07-16,L21,Four 2,50.0
2025-07-16,L22,Four 2,0.0
2025-07-16,L23,Four 2,20.0
2025-07-17,L11,Four 1,20.0
2025-07-17,L12,Four 1,111.0
2025-07-17,L13,Four 1,4.0
2025-07-17,L21,Four 2,0.0
2025-07-17,L22,Four 2,0.0
2025-07-17,L23,Four 2,0.0
2025-07-18,L11,Four 1,27.0
2025-07-18,L12,Four 1,19.0
2025-07-18,L13,Four 1,10.0
2025-07-18,L21,Four 2,0.0
2025-07-18,L22,Four 2,0.0
2025-07-18,L23,Four 2,0.0
2025-07-19,L11,Four 1,10.0
2025-07-19,L12,Four 1,19.0
2025-07-19,L13,Four 1,7.0
2025-07-19,L21,Four 2,11.0
2025-07-19,L22,Four 2,47.0
2025-07-19,L23,Four 2,11.0
2025-07-20,L11,Four 1,2.0
2025-07-20,L12,Four 1,54.0
2025-07-20,L13,Four 1,3.0
2025-07-20,L21,Four 2,30.0
2025-07-20,L22,Four 2,64.0
2025-07-20,L23,Four 2,24.0
2025-07-21,L11,Four 1,10.0
2025-07-21,L12,Four 1,76.0
2025-07-21,L13,Four 1,37.0
2025-07-21,L21,Four 2,3.0
2025-07-21,L22,Four 2,46.0
2025-07-21,L23,Four 2,25.0
2025-07-22,L11,Four 1,12.0
2025-07-22,L12,Four 1,0.0
2025-07-22,L13,Four 1,2.0
2025-07-22,L21,Four 2,21.0
2025-07-22,L22,Four 2,24.0
2025-07-22,L23,Four 2,24.0
2025-07-23,L11,Four 1,20.0
2025-07-23,L12,Four 1,13.0
2025-07-23,L13,Four 1,0.0
2025-07-23,L21,Four 2,7.0
2025-07-23,L22,Four 2,21.0
2025-07-23,L23,Four 2,7.0
2025-07-24,L11,Four 1,10.0
2025-07-24,L12,Four 1,5.0
2025-07-24,L13,Four 1,0.0
2025-07-24,L21,Four 2,34.0
2025-07-24,L22,Four 2,0.0
2025-07-24,L23,Four 2,11.0
2025-07-25,L11,Four 1,13.0
2025-07-25,L12,Four 1,7.0
2025-07-25,L13,Four 1,24.0
2025-07-25,L21,Four 2,31.0
2025-07-25,L22,Four 2,0.0
2025-07-25,L23,Four 2,5.0
2025-07-26,L11,Four 1,42.0
2025-07-26,L12,Four 1,6.0
2025-07-26,L13,Four 1,10.0
2025-07-26,L21,Four 2,0.0
2025-07-26,L22,Four 2,26.0
2025-07-26,L23,Four 2,24.0
2025-07-27,L11,Four 1,87.0
2025-07-27,L12,Four 1,65.0
2025-07-27,L13,Four 1,26.0
2025-07-27,L21,Four 2,141.0
2025-07-27,L22,Four 2,44.0
2025-07-27,L23,Four 2,15.0
2025-07-28,L11,Four 1,38.0
2025-07-28,L12,Four 1,46.0
2025-07-28,L13,Four 1,59.0
2025-07-28,L21,Four 2,15.0
2025-07-28,L22,Four 2,65.0
2025-07-28,L23,Four 2,16.0
2025-07-29,L11,Four 1,49.0
2025-07-29,L12,Four 1,17.0
2025-07-29,L13,Four 1,10.0
2025-07-29,L21,Four 2,81.0
2025-07-29,L22,Four 2,114.0
2025-07-29,L23,Four 2,48.0
2025-07-30,L11,Four 1,59.0
2025-07-30,L12,Four 1,26.0
2025-07-30,L13,Four 1,30.0
2025-07-30,L21,Four 2,47.0
2025-07-30,L22,Four 2,140.0
2025-07-30,L23,Four 2,194.0
2025-07-31,L11,Four 1,2.0
2025-07-31,L12,Four 1,20.0
2025-07-31,L13,Four 1,0.0
2025-07-31,L21,Four 2,37.0
2025-07-31,L22,Four 2,10.0
2025-07-31,L23,Four 2,8.0
2025-08-01,L11,Four 1,31.0
2025-08-01,L12,Four 1,8.0
2025-08-01,L13,Four 1,3.0
2025-08-01,L21,Four 2,0.0
2025-08-01,L22,Four 2,13.0
2025-08-01,L23,Four 2,8.0
2025-08-02,L11,Four 1,8.0
2025-08-02,L12,Four 1,71.0
2025-08-02,L13,Four 1,23.0
2025-08-02,L21,Four 2,0.0
2025-08-02,L22,Four 2,179.0
2025-08-02,L23,Four 2,0.0
2025-08-03,L11,Four 1,15.0
2025-08-03,L12,Four 1,21.0
2025-08-03,L13,Four 1,9.0
2025-08-03,L21,Four 2,49.0
2025-08-03,L22,Four 2,43.0
2025-08-03,L23,Four 2,6.0
2025-08-04,L11,Four 1,5.0
2025-08-04,L12,Four 1,21.0
2025-08-04,L13,Four 1,15.0
2025-08-04,L21,Four 2,6.0
2025-08-04,L22,Four 2,46.0
2025-08-04,L23,Four 2,32.0
2025-08-05,L11,Four 1,5.0
2025-08-05,L12,Four 1,6.0
2025-08-05,L13,Four 1,0.0
2025-08-05,L21,Four 2,114.0
2025-08-05,L22,Four 2,43.0
2025-08-05,L23,Four 2,11.0
2025-08-06,L11,Four 1,0.0
2025-08-06,L12,Four 1,43.0
2025-08-06,L13,Four 1,214.0
2025-08-06,L21,Four 2,380.0
2025-08-06,L22,Four 2,0.0
2025-08-06,L23,Four 2,17.0
2025-08-07,L11,Four 1,7.0
2025-08-07,L12,Four 1,3.0
2025-08-07,L13,Four 1,145.0
2025-08-07,L21,Four 2,33.0
2025-08-07,L22,Four 2,41.0
2025-08-07,L23,Four 2,0.0
2025-08-08,L11,Four 1,7.0
2025-08-08,L12,Four 1,24.0
2025-08-08,L13,Four 1,0.0
2025-08-08,L21,Four 2,50.0
2025-08-08,L22,Four 2,131.0
2025-08-08,L23,Four 2,34.0
2025-08-09,L11,Four 1,7.0
2025-08-09,L12,Four 1,15.0
2025-08-09,L13,Four 1,21.0
2025-08-09,L21,Four 2,33.0
2025-08-09,L22,Four 2,61.0
2025-08-09,L23,Four 2,5.0
2025-08-10,L11,Four 1,34.0
2025-08-10,L12,Four 1,313.0
2025-08-10,L13,Four 1,27.0
2025-08-10,L21,Four 2,26.0
2025-08-10,L22,Four 2,10.0
2025-08-10,L23,Four 2,21.0
2025-08-11,L11,Four 1,105.0
2025-08-11,L12,Four 1,30.0
2025-08-11,L13,Four 1,38.0
2025-08-11,L21,Four 2,61.0
2025-08-11,L22,Four 2,37.0
2025-08-11,L23,Four 2,13.0
2025-08-12,L11,Four 1,0.0
2025-08-12,L12,Four 1,99.0
2025-08-12,L13,Four 1,0.0
2025-08-12,L21,Four 2,15.0
2025-08-12,L22,Four 2,84.0
2025-08-12,L23,Four 2,0.0
2025-08-13,L11,Four 1,41.0
2025-08-13,L12,Four 1,63.0
2025-08-13,L13,Four 1,33.0
2025-08-13,L21,Four 2,215.0
2025-08-13,L22,Four 2,10.0
2025-08-13,L23,Four 2,30.0
2025-08-14,L11,Four 1,24.0
2025-08-14,L12,Four 1,6.0
2025-08-14,L13,Four 1,11.0
2025-08-14,L21,Four 2,15.0
2025-08-14,L22,Four 2,57.0
2025-08-14,L23,Four 2,32.0
2025-08-15,L11,Four 1,52.0
2025-08-15,L12,Four 1,35.0
2025-08-15,L13,Four 1,0.0
2025-08-15,L21,Four 2,189.0
2025-08-15,L22,Four 2,38.0
2025-08-15,L23,Four 2,46.0
2025-08-16,L11,Four 1,86.0
2025-08-16,L12,Four 1,8.0
2025-08-16,L13,Four 1,69.0
2025-08-16,L21,Four 2,4.0
2025-08-16,L22,Four 2,38.0
2025-08-16,L23,Four 2,4.0
2025-08-17,L11,Four 1,6.0
2025-08-17,L12,Four 1,39.0
2025-08-17,L13,Four 1,10.0
2025-08-17,L21,Four 2,10.0
2025-08-17,L22,Four 2,62.0
2025-08-17,L23,Four 2,16.0
2025-08-18,L11,Four 1,51.0
2025-08-18,L12,Four 1,19.0
2025-08-18,L13,Four 1,35.0
2025-08-18,L21,Four 2,0.0
2025-08-18,L22,Four 2,60.0
2025-08-18,L23,Four 2,16.0
2025-08-19,L11,Four 1,53.0
2025-08-19,L12,Four 1,68.0
2025-08-19,L13,Four 1,2.0
2025-08-19,L21,Four 2,7.0
2025-08-19,L22,Four 2,7.0
2025-08-19,L23,Four 2,12.0
2025-08-20,L11,Four 1,61.0
2025-08-20,L12,Four 1,9.0
2025-08-20,L13,Four 1,28.0
2025-08-20,L21,Four 2,46.0
2025-08-20,L22,Four 2,100.0
2025-08-20,L23,Four 2,66.0
2025-08-21,L11,Four 1,80.0
2025-08-21,L12,Four 1,5.0
2025-08-21,L13,Four 1,24.0
2025-08-21,L21,Four 2,56.8
2025-08-21,L22,Four 2,0.0
2025-08-21,L23,Four 2,40.0
2025-08-22,L11,Four 1,16.0
2025-08-22,L12,Four 1,37.0
2025-08-22,L13,Four 1,7.0
2025-08-22,L21,Four 2,0.0
2025-08-22,L22,Four 2,63.0
2025-08-22,L23,Four 2,6.0
2025-08-23,L11,Four 1,37.0
2025-08-23,L12,Four 1,6.0
2025-08-23,L13,Four 1,12.0
2025-08-23,L21,Four 2,0.0
2025-08-23,L22,Four 2,46.0
2025-08-23,L23,Four 2,11.0
2025-08-24,L11,Four 1,43.0
2025-08-24,L12,Four 1,9.0
2025-08-24,L13,Four 1,32.0
2025-08-24,L21,Four 2,5.0
2025-08-24,L22,Four 2,5.0
2025-08-24,L23,Four 2,4.0
2025-08-25,L11,Four 1,113.0
2025-08-25,L12,Four 1,4.0
2025-08-25,L13,Four 1,25.0
2025-08-25,L21,Four 2,96.0
2025-08-25,L22,Four 2,47.0
2025-08-25,L23,Four 2,80.0
2025-08-26,L11,Four 1,10.0
2025-08-26,L12,Four 1,9.0
2025-08-26,L13,Four 1,12.0
2025-08-26,L21,Four 2,66.0
2025-08-26,L22,Four 2,12.0
2025-08-26,L23,Four 2,31.0
2025-08-27,L11,Four 1,8.0
2025-08-27,L12,Four 1,11.0
2025-08-27,L13,Four 1,6.0
2025-08-27,L21,Four 2,0.0
2025-08-27,L22,Four 2,0.0
2025-08-27,L23,Four 2,0.0
2025-08-28,L11,Four 1,6.0
2025-08-28,L12,Four 1,23.0
2025-08-28,L13,Four 1,99.0
2025-08-28,L21,Four 2,0.0
2025-08-28,L22,Four 2,0.0
2025-08-28,L23,Four 2,0.0
2025-08-29,L11,Four 1,43.0
2025-08-29,L12,Four 1,26.0
2025-08-29,L13,Four 1,196.0
2025-08-29,L21,Four 2,0.0
2025-08-29,L22,Four 2,0.0
2025-08-29,L23,Four 2,0.0
2025-08-30,L11,Four 1,11.0
2025-08-30,L12,Four 1,53.0
2025-08-30,L13,Four 1,50.0
2025-08-30,L21,Four 2,0.0
2025-08-30,L22,Four 2,0.0
2025-08-30,L23,Four 2,0.0
2025-08-31,L11,Four 1,43.0
2025-08-31,L12,Four 1,6.0
2025-08-31,L13,Four 1,45.0
2025-08-31,L21,Four 2,0.0
2025-08-31,L22,Four 2,0.0
2025-08-31,L23,Four 2,0.0
2025-09-01,L11,Four 1,0.0
2025-09-01,L12,Four 1,31.0
2025-09-01,L13,Four 1,34.0
2025-09-01,L21,Four 2,0.0
2025-09-01,L22,Four 2,0.0
2025-09-01,L23,Four 2,0.0
2025-09-02,L11,Four 1,21.0
2025-09-02,L12,Four 1,147.0
2025-09-02,L13,Four 1,21.0
2025-09-02,L21,Four 2,53.0
2025-09-02,L22,Four 2,244.0
2025-09-02,L23,Four 2,36.0
2025-09-03,L11,Four 1,0.0
2025-09-03,L12,Four 1,19.0
2025-09-03,L13,Four 1,12.0
2025-09-03,L21,Four 2,0.0
2025-09-03,L22,Four 2,0.0
2025-09-03,L23,Four 2,0.0
2025-09-04,L11,Four 1,9.0
2025-09-04,L12,Four 1,150.0
2025-09-04,L13,Four 1,2.0
2025-09-04,L21,Four 2,0.0
2025-09-04,L22,Four 2,0.0
2025-09-04,L23,Four 2,0.0
2025-09-05,L11,Four 1,21.0
2025-09-05,L12,Four 1,124.0
2025-09-05,L13,Four 1,8.0
2025-09-05,L21,Four 2,264.0
2025-09-05,L22,Four 2,140.0
2025-09-05,L23,Four 2,30.0
2025-09-06,L11,Four 1,56.0
2025-09-06,L12,Four 1,38.0
2025-09-06,L13,Four 1,36.0
2025-09-06,L21,Four 2,271.0
2025-09-06,L22,Four 2,129.0
2025-09-06,L23,Four 2,150.0
2025-09-07,L11,Four 1,15.0
2025-09-07,L12,Four 1,11.0
2025-09-07,L13,Four 1,67.0
2025-09-07,L21,Four 2,420.0
2025-09-07,L22,Four 2,178.0
2025-09-07,L23,Four 2,65.0
2025-09-08,L11,Four 1,77.0
2025-09-08,L12,Four 1,53.0
2025-09-08,L13,Four 1,257.0
2025-09-08,L21,Four 2,0.0
2025-09-08,L22,Four 2,55.0
2025-09-08,L23,Four 2,45.0
2025-09-09,L11,Four 1,28.0
2025-09-09,L12,Four 1,0.0
2025-09-09,L13,Four 1,0.0
2025-09-09,L21,Four 2,154.0
2025-09-09,L22,Four 2,58.0
2025-09-09,L23,Four 2,8.0
2025-09-10,L11,Four 1,31.0
2025-09-10,L12,Four 1,0.0
2025-09-10,L13,Four 1,0.0
2025-09-10,L21,Four 2,23.0
2025-09-10,L22,Four 2,59.0
2025-09-10,L23,Four 2,42.0
2025-09-11,L11,Four 1,2.0
2025-09-11,L12,Four 1,3.0
2025-09-11,L13,Four 1,0.0
2025-09-11,L21,Four 2,0.0
2025-09-11,L22,Four 2,18.0
2025-09-11,L23,Four 2,14.0
2025-09-12,L11,Four 1,9.0
2025-09-12,L12,Four 1,3.0
2025-09-12,L13,Four 1,42.0
2025-09-12,L21,Four 2,19.0
2025-09-12,L22,Four 2,30.0
2025-09-12,L23,Four 2,0.0
2025-09-13,L11,Four 1,26.0
2025-09-13,L12,Four 1,15.0
2025-09-13,L13,Four 1,36.0
2025-09-13,L21,Four 2,59.0
2025-09-13,L22,Four 2,27.0
2025-09-13,L23,Four 2,0.0
2025-09-14,L11,Four 1,9.0
2025-09-14,L12,Four 1,8.0
2025-09-14,L13,Four 1,18.0
2025-09-14,L21,Four 2,0.0
2025-09-14,L22,Four 2,202.0
2025-09-14,L23,Four 2,190.0
2025-09-15,L11,Four 1,0.0
2025-09-15,L12,Four 1,79.0
2025-09-15,L13,Four 1,68.0
2025-09-15,L21,Four 2,0.0
2025-09-15,L22,Four 2,0.0
2025-09-15,L23,Four 2,4.0
2025-09-16,L11,Four 1,22.5
2025-09-16,L12,Four 1,0.0
2025-09-16,L13,Four 1,17.0
2025-09-16,L21,Four 2,26.0
2025-09-16,L22,Four 2,38.0
2025-09-16,L23,Four 2,3.0
2025-09-17,L11,Four 1,11.0
2025-09-17,L12,Four 1,9.0
2025-09-17,L13,Four 1,77.0
2025-09-17,L21,Four 2,40.0
2025-09-17,L22,Four 2,20.0
2025-09-17,L23,Four 2,21.0
2025-09-18,L11,Four 1,6.0
2025-09-18,L12,Four 1,45.0
2025-09-18,L13,Four 1,259.0
2025-09-18,L21,Four 2,100.0
2025-09-18,L22,Four 2,36.0
2025-09-18,L23,Four 2,12.0
2025-09-19,L11,Four 1,46.0
2025-09-19,L12,Four 1,4.0
2025-09-19,L13,Four 1,46.0
2025-09-19,L21,Four 2,17.0
2025-09-19,L22,Four 2,0.0
2025-09-19,L23,Four 2,42.0
2025-09-20,L11,Four 1,34.0
2025-09-20,L12,Four 1,66.0
2025-09-20,L13,Four 1,30.0
2025-09-20,L21,Four 2,0.0
2025-09-20,L22,Four 2,12.0
2025-09-20,L23,Four 2,20.0
2025-09-21,L11,Four 1,33.0
2025-09-21,L12,Four 1,83.0
2025-09-21,L13,Four 1,43.0
2025-09-21,L21,Four 2,24.0
2025-09-21,L22,Four 2,58.0
2025-09-21,L23,Four 2,0.0
2025-09-22,L11,Four 1,3.0
2025-09-22,L12,Four 1,24.0
2025-09-22,L13,Four 1,115.0
2025-09-22,L21,Four 2,18.0
2025-09-22,L22,Four 2,54.0
2025-09-22,L23,Four 2,0.0
2025-09-23,L11,Four 1,19.0
2025-09-23,L12,Four 1,50.0
2025-09-23,L13,Four 1,16.0
2025-09-23,L21,Four 2,0.0
2025-09-23,L22,Four 2,75.0
2025-09-23,L23,Four 2,13.0
2025-09-24,L11,Four 1,17.0
2025-09-24,L12,Four 1,31.0
2025-09-24,L13,Four 1,6.0
2025-09-24,L21,Four 2,75.0
2025-09-24,L22,Four 2,94.0
2025-09-24,L23,Four 2,11.0
2025-09-25,L11,Four 1,11.0
2025-09-25,L12,Four 1,46.0
2025-09-25,L13,Four 1,35.0
2025-09-25,L21,Four 2,146.0
2025-09-25,L22,Four 2,3.0
2025-09-25,L23,Four 2,6.0
2025-09-26,L11,Four 1,21.0
2025-09-26,L12,Four 1,26.0
2025-09-26,L13,Four 1,37.0
2025-09-26,L21,Four 2,33.0
2025-09-26,L22,Four 2,107.0
2025-09-26,L23,Four 2,0.0
2025-09-27,L11,Four 1,21.0
2025-09-27,L12,Four 1,9.0
2025-09-27,L13,Four 1,63.0
2025-09-27,L21,Four 2,11.0
2025-09-27,L22,Four 2,96.0
2025-09-27,L23,Four 2,0.0
2025-09-28,L11,Four 1,5.0
2025-09-28,L12,Four 1,34.0
2025-09-28,L13,Four 1,8.0
2025-09-28,L21,Four 2,27.0
2025-09-28,L22,Four 2,55.0
2025-09-28,L23,Four 2,5.0
2025-09-29,L11,Four 1,19.0
2025-09-29,L12,Four 1,0.0
2025-09-29,L13,Four 1,4.0
2025-09-29,L21,Four 2,53.0
2025-09-29,L22,Four 2,0.0
2025-09-29,L23,Four 2,9.0
2025-09-30,L11,Four 1,36.0
2025-09-30,L12,Four 1,19.0
2025-09-30,L13,Four 1,34.0
2025-09-30,L21,Four 2,15.0
2025-09-30,L22,Four 2,30.0
2025-09-30,L23,Four 2,8.0
